subnum	code	topicorder	typeorder	p1f	p1r	p1d	p2f	p2r	p2d	p3f	p3r	p3d	Tf	Tr	Td	Vf	Vr	Vd	T_O	T_P	V_O	V_P	NDcorrect	NDmark	TWRswe	TWRpde	WJwid	WJwatk	pseudopsg	pseudowords	p_total_f	p_avg_f	p_intra_r	p_pre_r	p_post_r	p_pre2_r	p_pre3_r	p_post2_r	p_postpre_r	p_post2pre_r	p_interline_r	p_sweep_r	p_total_r	p_total_d	p_avg_d	p_rest_words	p_rest_total_f	p_rest_avg_f	p_rest_r	p_rest_total_d	p_rest_avg_d	meaningpsg	realword	m_total_f	m_avg_f	m_intra_r	m_pre_r	m_post_r	m_pre2_r	m_pre3_r	m_post2_r	m_postpre_r	m_post2pre_r	m_interline_r	m_sweep_r	m_total_r	m_total_d	m_avg_d	m_rest_word	m_rest_total_f	m_rest_avg_f	m_rest_r	m_rest_total_d	m_rest_avg_d	filter_$	group
"    4.00"	"d"	1	2	22	7	229.45	102	25	254.67	79	22	226.43	79	22	226.43	102	25	254.67	2	2	1	1	26	261	104	57	94	34	1	15	34	2.2666666666666666	5	0	1	0	0	0	0	0	0	0	6	10880	320	46	67	1.4565217391304348	11	14828	221.3134328358209	2	15	21	1.4	2	4	0	0	0	0	0	0	0	0	6	4376	208.38095238095238	46	55	1.1956521739130435	6	12640	229.8181818181818	1	1
"    5.00"	"c"	2	1	25	11	208.16	82	30	195.66	96	30	238.79	82	30	195.66	96	30	238.79	1	2	2	1	36	299	86	61	101	40	1	15	40	2.6666666666666665	6	2	0	0	0	0	0	0	0	0	8	11320	283	46	44	0.9565217391304348	7	11016	250.36363636363637	2	15	24	1.6	5	2	1	0	0	0	0	0	0	0	8	4564	190.16666666666666	46	49	1.065217391304348	9	10968	223.83673469387756	1	1
"    6.00"	"a"	1	1	20	4	297	74	15	237.24	120	26	233.83	74	15	237.24	120	26	233.83	1	1	2	2	31	247	104	62	98	34	2	15	54	3.6	9	3	1	0	0	0	0	0	0	0	13	14656	271.4074074074074	46	63	1.3695652173913044	3	13132	208.44444444444446	1	15	21	1.4	2	0	1	0	0	0	0	0	0	0	3	4620	220	46	53	1.1521739130434783	4	10736	202.56603773584905	0	1
"    7.00"	"d"	1	2	26	11	271.85	137	43	355.8	90	31	240.71	90	31	240.71	137	43	355.8	2	2	1	1	24	164	64	29	90	27	1	15	57	3.8	11	2	3	0	0	0	1	0	0	0	17	26876	471.50877192982455	46	76	1.6521739130434783	14	21320	280.5263157894737	2	0																0						1	1
"    8.00"	"b"	2	2	24	8	229.17	105	24	291.16	78	19	256.97	78	19	256.97	105	24	291.16	2	1	1	2	36	195	102	60	102	41	2	0																0						1	0																0						0	1
"    9.00"	"b"	2	2	22	7	228.18	132	29	280.55	84	22	217.86	84	22	217.86	132	29	280.55	2	1	1	2	26	211	95	53	96	39	2	15	52	3.466666666666667	11	0	1	0	0	0	0	0	0	0	12	17520	336.9230769230769	46	79	1.7173913043478262	7	18680	236.45569620253164	1	15	26	1.7333333333333334	2	1	0	0	0	0	0	0	0	0	3	5112	196.6153846153846	46	26	0.5652173913043478	9	12848	494.15384615384613	0	1
"   10.00"	"d"	1	2	20	8	245.6	122	37	209.48	72	26	200.5	72	26	200.5	122	37	209.48	2	2	1	1	36	195	103	61	100	41	1	9	32	3.5555555555555554	6	1	0	1	0	0	0	0	0	0	8	8298	259.3125	25	32	1.28	4	5502	171.9375	2	0																0						1	1
"   11.00"	"a"	1	1	21	5	196.19	77	17	187.9	118	43	192.98	77	17	187.9	118	43	192.98	1	1	2	2	29	261	104	63	98	41	2	0																0						1	0																0						0	1
"   12.00"	"c"	2	1	21	6	228.76	65	16	198.77	87	23	279.4	65	16	198.77	87	23	279.4	1	2	2	1	32	325	103	55	98	36	1	15	33	2.2	3	0	0	1	0	0	0	0	2	0	6	10752	325.8181818181818	46	52	1.1304347826086956	9	12616	242.6153846153846	2	15	19	1.2666666666666666	1	1	0	0	0	0	0	0	1	0	3	3976	209.26315789473685	46	46	1	4	9093	197.67391304347825	1	1
"   13.00"	"a"	1	1	25	7	227.04	88	28	205.59	109	36	227.89	88	28	205.59	109	36	227.89	1	1	2	2	32	312	102	56	100	39	2	0																0						1	15	24	1.6	5	1	0	0	0	0	0	0	0	0	6	4596	191.5	46	57	1.2391304347826086	10	12704	222.87719298245614	0	1
"   14.00"	"c"	2	1	23	7	243.3	77	15	221.09	108	27	250.41	77	15	221.09	108	27	250.41	1	2	2	1	35	195	77	60	101	42	1	0																0						2	15	23	1.5333333333333334	1	1	0	0	0	0	0	0	0	0	2	5668	246.43478260869566	46	52	1.1304347826086956	5	11160	214.6153846153846	1	1
"   15.00"	"b"	2	2	17	5	275.29	109	32	252.22	68	12	230.24	68	12	230.24	109	32	252.22	2	1	1	2	25	247	101	63	98	44	2	15	47	3.1333333333333333	9	5	2	0	0	0	0	0	0	0	16	12228	260.17021276595744	46	58	1.2608695652173914	4	14748	254.27586206896552	1	15	19	1.2666666666666666	1	0	0	0	0	0	0	0	0	0	1	4804	252.8421052631579	46	46	1	3	10356	225.1304347826087	0	1
"   16.00"	"d"	1	2	38	18	208.84	158	67	232.63	70	25	199.09	70	25	199.09	158	67	232.63	2	2	1	1	26	247	104	59	99	42	1	15	36	2.4	7	0	2	1	0	2	0	0	0	0	12	10072	279.77777777777777	46	83	1.8043478260869565	8	10148	122.26506024096386	2	15	17	1.1333333333333333	2	1	0	2	0	2	0	0	0	0	7	3708	218.11764705882354	46	43	0.9347826086956522	5	9252	215.1627906976744	1	1
"   17.00"	"c"	2	1	34	12	236.82	151	49	266.12	123	42	223.41	151	49	266.12	123	42	223.41	1	2	2	1	33	179	94	39	94	34	1	15	48	3.2	12	1	1	0	0	0	0	0	3	1	18	12864	268	46	66	1.434782608695652	13	14024	212.4848484848485	2	0																0						1	1
"   18.00"	"b"	2	2	27	9	195.26	119	35	249.95	75	29	226.35	75	29	226.35	119	35	249.95	2	1	1	2	33	247	93	60	100	43	2	0																0						1	0																0						0	1
"   19.00"	"a"	1	1	17	3	311.76	59	13	280.34	81	17	297.63	59	13	280.34	81	17	297.63	1	1	2	2	30	999	104	63	102	43	1	15	19	1.2666666666666666	0	0	1	0	0	0	0	0	0	0	1	5576	293.4736842105263	46	38	0.8260869565217391	3	10008	263.36842105263156	2	15	32	2.1333333333333333	2	0	0	0	0	0	0	1	0	0	3	11420	356.875	46	47	1.0217391304347827	5	12124	257.9574468085106	1	1
"   20.00"	"d"	1	2	32	11	249.38	101	26	263.52	77	21	223.17	77	21	223.17	101	26	263.52	2	2	1	1	21	232	92	61	95	38	1	15	38	2.533333333333333	9	1	2	0	0	0	0	0	0	0	12	12044	316.94736842105266	46	60	1.3043478260869565	7	14004	233.4	2	15	19	1.2666666666666666	1	3	2	0	0	0	0	0	0	0	6	4664	245.47368421052633	46	56	1.2173913043478262	7	12348	220.5	1	1
"   21.00"	"b"	2	2	14	4	162.86	124	42	280.58	83	27	242.22	83	27	242.22	124	42	280.58	2	1	1	2	34	429	91	57	99	39	2	11	34	3.090909090909091	6	3	1	0	0	0	0	0	0	0	10	10544	310.11764705882354	31	86	2.774193548387097	9	11928	138.69767441860466	1	15	24	1.6	1	1	1	0	1	0	0	0	0	0	4	6260	260.8333333333333	46	54	1.173913043478261	13	12936	239.55555555555554	0	1
"   22.00"	"c"	2	1	29	11	182.76	66	13	215.82	103	28	228.16	66	13	215.82	103	28	228.16	1	2	2	1	34	137	101	62	105	43	1	15	19	1.2666666666666666	7	1	2	0	0	0	0	0	0	0	10	9348	492	46	61	1.326086956521739	9	13820	226.55737704918033	2	15	18	1.2	1	1	0	0	0	0	0	0	0	0	2	3524	195.77777777777777	46	45	0.9782608695652174	3	10072	223.82222222222222	1	1
"   23.00"	"d"	1	2	19	6	257.47	89	22	251.1	63	16	257.9	63	16	257.9	89	22	251.1	2	2	1	1	37	339	98	62	102	43	1	0																0						2	0																0						1	1
"   24.00"	"a"	1	1	22	7	260.73	73	21	189.75	107	35	212.71	73	21	189.75	107	35	212.71	1	1	2	2	31	398	103	63	103	44	2	15	40	2.6666666666666665	7	5	1	0	0	1	0	0	0	0	14	10596	264.9	46	65	1.4130434782608696	11	11288	173.66153846153847	1	15	24	1.6	2	3	0	1	0	0	0	0	0	0	6	4756	198.16666666666666	46	48	1.0434782608695652	6	8736	182	0	1
"   25.00"	"a"	1	1	24	7	329.83	89	25	238.25	124	38	292.9	89	25	238.25	124	38	292.9	1	1	2	2	28	232	95	50	101	42	2	0																0						1	0																0						0	1
"   26.00"	"b"	2	2	25	11	243.68	102	32	253.41	75	25	223.41	75	25	223.41	102	32	253.41	2	1	1	2	38	568	99	61	100	39	2	15	38	2.533333333333333	6	3	2	2	0	1	0	0	0	0	14	10664	280.63157894736844	46	60	1.3043478260869565	10	14876	247.93333333333334	1	15	26	1.7333333333333334	4	2	1	0	0	0	0	0	0	0	7	6472	248.92307692307693	46	45	0.9782608695652174	7	9880	219.55555555555554	0	1
"   27.00"	"c"	2	1	26	8	197.08	80	28	151.95	92	23	207.57	80	28	151.95	92	23	207.57	1	2	2	1	36	299	94	63	104	43	1	15	31	2.066666666666667	6	1	0	0	0	0	0	0	0	0	7	8244	265.93548387096774	46	51	1.108695652173913	6	9684	189.88235294117646	2	15	19	1.2666666666666666	3	1	0	1	0	0	0	0	0	0	5	2988	157.26315789473685	46	46	1	6	8080	175.65217391304347	1	1
"   28.00"	"d"	1	2	19	4	274.95	99	22	280.08	75	19	238.08	75	19	238.08	99	22	280.08	2	2	1	1	32	223	88	47	93	39	1	15	38	2.533333333333333	6	1	1	0	0	0	0	0	0	0	8	11184	294.3157894736842	46	59	1.2826086956521738	4	15360	260.33898305084745	2	15	20	1.3333333333333333	3	3	0	0	0	0	0	0	0	0	6	4492	224.6	46	54	1.173913043478261	5	13080	242.22222222222223	1	1
"   29.00"	"d"	1	2	27	10	197.19	131	38	221.28	79	20	189.27	79	20	189.27	131	38	221.28	2	2	1	1	20	154	84	54	98	40	1	15	54	3.6	11	2	2	0	0	0	0	0	1	0	16	14704	272.2962962962963	46	67	1.4565217391304348	13	13312	198.6865671641791	2	15	22	1.4666666666666666	2	3	1	0	0	0	0	0	0	0	6	3924	178.36363636363637	46	55	1.1956521739130435	5	10344	188.07272727272726	1	1
"   30.00"	"a"	1	1	46	13	273.91	78	25	214.15	111	26	240.83	78	25	214.15	111	26	240.83	1	1	2	2	29	154	88	62	97	40	2	13	37	2.8461538461538463	5	4	0	0	0	0	0	0	0	0	9	11844	320.1081081081081	39	52	1.3333333333333333	5	10792	207.53846153846155	1	15	28	1.8666666666666667	5	2	0	0	0	0	0	0	0	0	7	5908	211	46	47	1.0217391304347827	6	10416	221.61702127659575	0	1
"   31.00"	"c"	2	1	21	5	247.24	76	22	220.05	113	27	241.27	76	22	220.05	113	27	241.27	1	2	2	1	31	223	101	58	99	39	1	15	45	3	10	0	0	0	0	0	0	0	0	0	10	12812	284.7111111111111	46	65	1.4130434782608696	9	14096	216.86153846153846	2	15	20	1.3333333333333333	2	1	0	0	0	0	0	0	0	0	3	4180	209	46	55	1.1956521739130435	11	11328	205.96363636363637	1	1
"   32.00"	"b"	2	2	22	6	263.09	112	34	273.75	75	23	210.45	75	23	210.45	112	34	273.75	2	1	1	2	24	247	100	58	99	39	2	15	48	3.2	10	2	2	0	0	0	0	0	1	0	15	15664	326.3333333333333	46	61	1.326086956521739	9	14292	234.29508196721312	1	15	19	1.2666666666666666	2	0	0	0	1	0	0	0	0	0	3	4444	233.89473684210526	46	50	1.0869565217391304	9	10776	215.52	0	1
"   33.00"	"c"	2	1	28	9	290.43	86	26	206.09	117	31	285.81	86	26	206.09	117	31	285.81	1	2	2	1	33	179	88	56	101	40	1	15	47	3.1333333333333333	11	1	0	0	0	0	0	0	0	0	12	15636	332.6808510638298	46	69	1.5	11	17304	250.7826086956522	2	15	25	1.6666666666666667	4	2	2	0	0	0	0	0	0	0	8	5160	206.4	46	59	1.2826086956521738	12	12208	206.91525423728814	1	1
"   34.00"	"d"	1	2	26	8	231.23	122	42	201.61	78	32	197.13	78	32	197.13	122	42	201.61	2	2	1	1	35	223	100	59	103	40	1	0																0						2	15	24	1.6	5	3	2	1	0	0	0	0	0	0	11	5132	213.83333333333334	46	45	0.9782608695652174	7	9708	215.73333333333332	1	1
"   35.00"	"a"	1	1	27	11	223.41	77	26	225.09	101	33	243.37	77	26	225.09	101	33	243.37	1	1	2	2	38	456	76	52	100	35	2	0																0						1	0																0						0	1
"   36.00"	"b"	2	2	20	6	252.2	112	28	224.14	96	28	190.79	96	28	190.79	112	28	224.14	2	1	1	2	36	69	93	54	97	36	2	15	39	2.6	8	2	3	0	0	0	0	0	1	0	14	11170	286.4102564102564	46	68	1.4782608695652173	6	13406	197.14705882352942	1	0																0						0	1
"   37.00"	"d"	1	2	27	11	244.89	130	42	235.78	81	27	213.19	81	27	213.19	130	42	235.78	2	2	1	1	25	179	80	44	98	38	1	15	51	3.4	7	6	4	0	0	0	0	0	0	0	17	12092	237.09803921568627	46	125	2.717391304347826	15	18000	144	2	15	19	1.2666666666666666	5	1	0	0	0	0	0	0	0	0	6	3372	177.47368421052633	46	60	1.3043478260869565	12	13600	226.66666666666666	1	1
"   38.00"	"b"	2	2	19	5	235.79	106	31	245.4	71	12	226.82	71	12	226.82	106	31	245.4	2	1	1	2	34	473	104	55	95	39	2	0																0						1	0																0						0	1
"39"	"c"	2	1	31	14	200.26	60	23	233	82	25	268.44	82	25	268.44	60	23	233	1	1	2	2	35	355	104	62	102	39	1	0																0						2	0																0						1	1
"40"	"a"	1	1	26	8	209.69	78	23	213.64	119	23	242.92	119	23	242.92	78	23	213.64	1	2	2	1	35	279	102	54	94	37	2	15	51	3.4	11	2	0	0	0	0	0	0	1	1	15	13260	260	46	63	1.3695652173913044	6	15208	241.3968253968254	1	15	22	1.4666666666666666	3	3	1	0	0	0	0	0	0	0	7	5480	249.0909090909091	46	53	1.1521739130434783	7	10796	203.69811320754718	0	1
"101"	"a"	1	1	103	39	224.74	79	23	201.72	126	33	228.73	79	23	201.72	126	33	228.73	2	1	1	2	28	398	74	37	92	34	2																																															2
"102"	"a"	1	1	255	92	188.88	142	36	220.85	138	26	199.74	142	36	220.85	138	26	199.74	1	1	2	2	33	179	95	48	100	39	2																																															2
"103"	"a"	1	1	23	10	255.48	77	28	223.74	126	44	287.56	77	28	223.74	126	44	287.56	1	1	2	2	27	364	104	58	104	43	2																																															2
"104"	"d"	1	2	35	10	465.6	185	48	410.75	141	35	339.18	141	35	339.18	185	48	410.75	2	2	1	1	6	69	47	25	81	29	1																																															2
"105"	"c"	2	1	35	15	213.49	96	41	216.04	186	77	242.04	96	41	216.04	186	77	242.04	1	2	2	1	27	123	62	39	100	40	1																																															2
"106"	"a"	1	1	22	6	294	88	28	250	172	53	287.6	88	28	250	172	53	287.6	1	1	2	2	32	154	76	35	89	28	2																																															2
"107"	"d"	1	2	42	24	236.19	371	180	277.56	103	51	244.78	103	51	244.78	371	180	277.56	2	2	1	1	29	223	66	22	92	31	1																																															2
"108"	"a"	1	1	24	8	277.67	134	39	265.28	85	19	220.75	85	19	220.75	134	39	265.28	2	1	1	2	35	195	75	38	85	24	2																																															2
"109"	"a"	1	1	32	14	177.12	94	19	191.32	169	46	189.59	94	19	191.32	169	46	189.59	1	1	2	2	33	106	96	60	106	44	2																																															2
"110"	"b"	2	2	45	15	166.93	160	41	291.68	108	36	214.33	108	36	214.33	160	41	291.68	2	1	1	2	34	211	64	20	89	31	2																																															2
"111"	"c"	2	1	35	12	254.4	119	42	211.26	336	141	253.25	119	42	211.26	336	141	253.25	2	1	1	2	14	84	69	19	89	33	2																																															2
"112"	"b"	2	2	34	16	219.65	178	71	227.3	122	54	174.16	122	54	174.16	178	71	227.3	2	1	1	2	31	164	61	50	103	44	2																																															2
"113"	"b"	2	2	69	31	66.78	213	83	113.63	138	52	108.93	138	52	108.93	213	83	113.63	2	1	1	2	25	195	96	50	95	40	2																																															2
"114"	"c"	2	1	62	23	221.23	131	37	183.73	263	98	200.67	131	37	183.73	263	98	200.67	1	2	2	1	35	123	43	16	106	25	1																																															2
"115"	"a"	1	1	41	18	238.54	121	46	216.07	213	89	265.22	121	46	216.07	213	89	265.22	1	1	2	2	18	137	77	35	97	37	2																																															2
"116"	"c"	2	1	30	11	341.07	118	35	310.85	84	25	239.57	84	25	239.57	118	35	310.85	2	1	1	2	28	232	98	51	85	38	2																																															2
"117"	"d"	1	2	49	19	365.96	284	98	465.38	105	26	349.1	105	26	349.1	284	98	465.38	2	1	1	2	14	69	45	23	88	31	2																																															2
"118"	"b"	2	2	34	14	248	144	39	351.25	96	26	250.12	96	26	250.12	144	39	351.25	2	1	1	2	27	106	75	35	90	35	2																																															2
"119"	"c"	2	1	42	17	199.52	89	27	213.48	126	42	287.3	89	27	213.48	126	42	287.3	2	1	1	2	17	164	92	47	98	40	2																																															2
"120"	"d"	1	2	40	15	228.7	229	85	239.56	123	41	198.31	123	41	198.31	229	85	239.56	2	2	1	1	5	137	60	20	74	21	1																																															2
